Animal,Sampling Event,CGF,mean_distance,max,min
R1212,2,0957_001_001,0.006466667,0.0097,0.0019
R1217,1,0957_001_001,0.0116,0.0116,0.0116
R1112,2,0926_002_001,0.0125,0.0125,0.0125
R1298,2,0904_002_002,0.0165,0.0165,0.0165
R1111,1,0904_002_002,0.0166,0.0166,0.0166
R972,2,0926_002_001,0.0166,0.0248,0.0107
R996,2,0882_005_001,0.0171,0.0256,0.011
R1097,2,0882_005_001,0.017266667,0.0243,0.0092
R1394,2,0904_002_002,0.0176,0.0198,0.0132
R613,2,0781_001_002,0.0191,0.0191,0.0191
R1388,1,0882_005_001,0.019366667,0.0271,0.0146
R1007,1,0926_002_001,0.0194,0.0194,0.0194
R1211,2,0904_002_002,0.0197,0.0197,0.0197
R937,1,0960_007_001,0.020733333,0.0293,0.007
R939,1,0933_004_002,0.0214,0.0214,0.0214
R612,2,0781_001_002,0.023266667,0.0262,0.0189
R1222,4,0921_001_001,0.0236,0.0236,0.0236
R566,1,0921_001_001,0.0236,0.0236,0.0236
R1086,1,0781_001_002,0.025033333,0.0293,0.0213
R1191,2,0882_002_002,0.026266667,0.0334,0.0198
R1248,1,0781_001_002,0.0278,0.0278,0.0278
R604,1,0904_002_002,0.028,0.028,0.028
R1355,3,0781_001_003,0.029,0.029,0.029
R918,1,0777_001_004,0.029133333,0.036,0.0227
R1023,2,0882_005_001,0.0293,0.0293,0.0293
R1050,2,0882_005_001,0.0295,0.0321,0.0282
R607,2,0782_003_002,0.0314,0.0314,0.0314
R409,1,0957_001_001,0.0324,0.0324,0.0324
R1043,1,0781_002_001,0.0327,0.0327,0.0327
R971,2,0882_005_001,0.0341,0.0341,0.0341
R1077,2,0904_002_002,0.03416,0.0633,0.005
R1045,1,0878_003_003,0.0346,0.0346,0.0346
R621,1,0878_003_003,0.0347,0.0347,0.0347
R970,1,0878_002_001,0.035933333,0.0409,0.0297
R451,3,0904_002_002,0.03598,0.0473,0.0214
R1091,1,0882_005_001,0.0363,0.0363,0.0363
R1169,4,0781_001_001,0.036366667,0.0474,0.0295
R1404,1,0777_001_015,0.037,0.037,0.037
R1074,2,0904_002_002,0.038133333,0.0457,0.023
R615,1,0923_002_001,0.038513333,0.051,0.0226
R1083,1,0781_001_002,0.0391,0.0407,0.036
R1206,1,0733_003_002,0.039533333,0.0415,0.0371
R961,1,0083_001_002,0.0406,0.0406,0.0406
R1152,1,0766_002_001,0.040766667,0.0476,0.0334
R1032,1,0960_007_001,0.041533333,0.0508,0.0359
R1211,3,0782_002_009,0.042066667,0.0548,0.0257
R1169,2,0782_003_002,0.042833333,0.0551,0.0329
R1355,2,0904_002_002,0.0436,0.0538,0.0296
R1162,2,0782_002_009,0.0442,0.0442,0.0442
R1245,1,0781_001_002,0.0444,0.0471,0.0391
R1169,3,0781_001_002,0.0447,0.0447,0.0447
R1045,3,0960_007_001,0.044733333,0.0497,0.0397
R1073,2,0921_001_001,0.0453,0.052,0.0362
R1202,1,0878_003_003,0.0457,0.0457,0.0457
R1222,3,0904_002_002,0.045766667,0.0568,0.0165
R1431,2,0926_002_001,0.045933333,0.0629,0.0251
R971,3,0926_002_001,0.04595,0.0744,0.0178
R457,2,0882_005_001,0.0462,0.0462,0.0462
R1130,1,0766_002_001,0.0465,0.0465,0.0465
R411,3,0921_001_001,0.0465,0.0465,0.0465
R1238,2,0782_003_002,0.0475,0.0475,0.0475
R1174,1,0878_002_002,0.0481,0.0481,0.0481
R1071,2,0782_003_002,0.0488,0.0488,0.0488
R1113,1,0878_003_003,0.0499,0.0499,0.0499
R1202,3,0878_003_003,0.0499,0.0499,0.0499
R929,2,0735_013_002,0.0503,0.0626,0.0415
R921,1,0782_002_009,0.0518,0.0614,0.0351
R1148,1,0782_002_009,0.0538,0.0538,0.0538
R926,3,0782_003_002,0.054066667,0.0619,0.0415
R1098,1,0781_001_002,0.054766667,0.0642,0.0421
R1440,2,0882_005_001,0.0553,0.0553,0.0553
R1065,1,0782_003_002,0.055566667,0.0623,0.0508
R1194,1,0777_001_004,0.0561,0.0654,0.0473
R1355,1,0777_001_015,0.0571,0.0571,0.0571
R1003,2,0921_001_001,0.05734,0.0791,0.0467
R1213,1,0777_001_015,0.0574,0.0574,0.0574
R1207,3,0904_001_002,0.057933333,0.0729,0.0333
R415,2,0921_001_001,0.061833333,0.0694,0.0503
R623,1,0782_003_002,0.0619,0.0741,0.0551
R1325,2,0782_003_002,0.0636,0.0636,0.0636
R411,2,0921_001_001,0.0644,0.0928,0.0395
R1209,3,0921_001_001,0.06503,0.088,0.029
R1067,2,0782_003_003,0.066633333,0.0728,0.0581
R924,2,0782_003_002,0.0676,0.0676,0.0676
R1214,1,0782_002_009,0.068366667,0.073,0.0628
R1440,3,0882_005_001,0.0685,0.0685,0.0685
R1139,1,0782_003_003,0.069,0.069,0.069
R1132,1,0777_001_004,0.069366667,0.0709,0.0664
R927,3,0781_001_002,0.0699,0.0699,0.0699
R1068,2,0782_003_003,0.070933333,0.0903,0.047
R1431,3,0782_002_009,0.0711,0.0825,0.0581
R453,2,0777_001_015,0.0717,0.0848,0.0513
R412,4,0782_003_002,0.071783333,0.0782,0.0638
R1078,1,0778_001_001,0.0731,0.0731,0.0731
R1015,3,0921_001_001,0.078966667,0.1183,0.0308
R1235,2,0782_002_009,0.0804,0.0804,0.0804
R972,2,0782_002_009,0.081,0.0915,0.0615
R1177,1,0781_001_002,0.0825,0.0825,0.0825
R1237,1,0782_002_009,0.0827,0.0827,0.0827
R1238,1,0777_001_015,0.083566667,0.0978,0.0686
R603,1,0782_002_009,0.0836,0.0836,0.0836
R1411,2,0778_001_001,0.0843,0.0843,0.0843
R461,3,0777_001_015,0.084333333,0.0973,0.0717
R934,3,0782_003_003,0.0844,0.0844,0.0844
R1074,3,0921_001_001,0.085713333,0.1144,0.0501
R1068,1,0782_003_003,0.0862,0.0956,0.0807
R1200,1,0777_001_015,0.0866,0.0866,0.0866
R992,2,0782_003_002,0.086633333,0.096,0.0732
R1161,1,0766_002_001,0.087,0.087,0.087
R613,1,0782_003_002,0.0886,0.0886,0.0886
R1298,3,0921_001_001,0.0921,0.0956,0.0866
R1211,2,0777_001_015,0.0928,0.0928,0.0928
R934,4,0782_003_002,0.096,0.096,0.096
R1226,1,0782_002_009,0.098,0.098,0.098
R1102,1,0777_001_015,0.100133333,0.1047,0.0926
R607,1,0782_003_002,0.1034,0.1034,0.1034
R1067,1,0782_003_003,0.1051,0.1051,0.1051
R1231,1,0782_002_009,0.1073,0.1073,0.1073
R569,1,0921_001_001,0.1089,0.1089,0.1089
R946,2,0782_003_002,0.1132,0.1422,0.067
R1020,1,0777_001_015,0.1159,0.1159,0.1159
R1105,1,0777_001_015,0.119433333,0.1337,0.108
R1466,1,0782_002_009,0.131266667,0.1642,0.0673
R1076,1,0904_002_002,0.131866667,0.1832,0.0425
R1070,2,0782_003_002,0.1327,0.1327,0.1327
R924,4,0960_007_001,0.1355,0.1355,0.1355
R614,1,0777_001_015,0.1369,0.1955,0.0883
R620,1,0536_001_001,0.13874,0.2799,0.0266
R1092,1,0882_005_001,0.139133333,0.2033,0.0421
R1228,2,0782_002_009,0.1419,0.1419,0.1419
R1097,1,0882_005_001,0.142166667,0.1973,0.0558
R1091,2,0882_005_001,0.158883333,0.281,0.0392
R612,1,0781_001_002,0.1622,0.1622,0.1622
R1256,2,0776_002_002,0.171433333,0.2149,0.101
R1193,1,0781_001_002,0.1893,0.1893,0.1893
R610,1,0782_003_002,0.2014,0.2014,0.2014
R619,1,0535_001_003,0.210166667,0.2828,0.0719
R1356,3,0921_001_001,0.453366667,0.6383,0.0866
